0,1,2,3,4
Descubrir,Viajes,Comunidad,Iniciar sesión,
1. Pizzart Fuencarral,897 opinionesAbierto ahora,"Italiana, Pizza€€ - €€€Carta",,
2. Maximo's,267 opinionesAbierto ahora,"Japonesa, Sushi€€ - €€€Carta",,
3. Ornella Velázquez,2282 opinionesAbierto ahora,"Italiana, Mediterránea€€ - €€€Carta",,
4. Smok Mok,103 opinionesAbierto ahora,"Japonesa, Asiática€",,
5. Maruzzella,960 opinionesAbierto ahora,"Italiana, Napolitana€€ - €€€Carta",,
6. Lettera Trattoria moderna,1554 opinionesAbierto ahora,"Italiana, Mediterránea€€ - €€€Carta",,
7. Malafemmena,1509 opinionesAbierto ahora,"Italiana, Napolitana€€ - €€€",,
8. Trattoria Pulcinella,2766 opinionesAbierto ahora,"Italiana, Napolitana€€ - €€€Carta",,
9. Gustazio Gastrobar,235 opinionesAbierto ahora,"Italiana, Mediterránea€€ - €€€Carta",,
10. Davanti Food & Market,412 opinionesAbierto ahora,"Italiana, Mediterránea€€ - €€€Carta",,
MICHELIN,11. Restaurante Pura Vida,244 opinionesAbierto ahora,"Italiana, Saludable€€ - €€€Carta",
12. Ouh...Babbo!,664 opinionesAbierto ahora,"Italiana, Pizza€€ - €€€Carta",,
13. Pizzart Villa Canalejas,898 opinionesAbierto ahora,"Italiana, Pizza€€ - €€€Carta",,
14. Piccola Napoli,499 opinionesAbierto ahora,"Italiana, Pizza€Carta",,
15. Sushi Tokami,65 opinionesAbierto ahora,"Japonesa, Sushi€€ - €€€",,
16. Pastamore,1012 opinionesAbierto ahora,"Italiana, Pizza€€ - €€€",,
17. Oliveto,377 opinionesCerrado ahora,"Italiana, Mediterránea€€ - €€€",,
18. Pizzart Villa Luchana,734 opinionesAbierto ahora,"Italiana, Pizza€€ - €€€Carta",,
19. A vÁnvera,443 opinionesAbierto ahora,"Italiana, Mediterránea€€ - €€€Carta",,
20. Trattoria Malatesta,2138 opinionesAbierto ahora,"Italiana, Pizza€€ - €€€Carta",,
21. Il Pizzaiolo,927 opinionesAbierto ahora,"Italiana, Pizza€€ - €€€",,
22. MACAO Príncipe,376 opinionesAbierto ahora,"Japonesa, Sushi€€ - €€€Carta",,
23. Fiaschetteria La Saletta,298 opinionesAbierto ahora,"Italiana, Pizza€",,
24. Minelli 1960,111 opinionesAbierto ahora,"Italiana, Pizza€€ - €€€Carta",,
25. Lab '84,75 opinionesAbierto ahora,"Italiana, Pizza€€ - €€€Carta",,
26. Ronda 14,982 opinionesAbierto ahora,"Japonesa, Peruana€€ - €€€Carta",,
27. PICCOLO DIAVOLO,688 opinionesAbierto ahora,"Italiana, Pizza€€ - €€€",,
28. La Piccola Trattoria,331 opinionesAbierto ahora,"Italiana, Pizza€€ - €€€Carta",,
29. Kzen,208 opinionesAbierto ahora,"China, Japonesa€€ - €€€",,
30. Il Boccone,179 opinionesAbierto ahora,"Italiana, Mediterránea€€ - €€€Carta",,
Opinión,Viajes,Alertas,Iniciar sesión,
Opinión,Viajes,Alertas,Iniciar sesión,
Descubrir,Viajes,Comunidad,EUR,Iniciar sesión
91. Il Pastaio,317 opinionesAbierto ahora,"Italiana, Mediterránea€€ - €€€Carta",,
92. MASSART - Goya,215 opinionesAbierto ahora,"Italiana, Pizza€€ - €€€Carta",,
93. Everest Tandoori Nepali-Indian Restaurant,978 opinionesAbierto ahora,"India, Asiática€€ - €€€Carta",,
MICHELIN,94. Miyama,836 opinionesAbierto ahora,"Japonesa, Sushi€€€€Carta",
95. Don Giovanni,1005 opinionesAbierto ahora,"Italiana, Mediterránea€€ - €€€Carta",,
96. Curry Masala,722 opinionesAbierto ahora,"India, Asiática€€ - €€€Carta",,
97. Oven Mozzarella Gran Vía 6,5248 opinionesAbierto ahora,"Italiana, Pizza€€ - €€€Carta",,
98. Naomi,763 opinionesCerrado ahora,"Japonesa, Sushi€€ - €€€Carta",,
99. Luna Rossa Ristorante Pizzeria,429 opinionesAbierto ahora,"Italiana, Mediterránea€€ - €€€",,
100. Pizzeria Vesuvio -Hortaleza,796 opinionesAbierto ahora,"Italiana, Pizza€Carta",,
101. Bresca,789 opinionesAbierto ahora,"Italiana, Pub con cerveza artesanal€Carta",,
102. Mitiko,94 opinionesAbierto ahora,"China, Japonesa€€€€Carta",,
103. Alta Cocina Oriental Jinode,168 opinionesAbierto ahora,"China, Japonesa€€ - €€€Carta",,
104. Araldo Arte del Gusto,211 opinionesAbierto ahora,"Italiana, Pizza€€ - €€€Carta",,
105. La Pizzateca,1145 opinionesCerrado ahora,"Italiana, Pizza€",,
106. Casa Crimi,32 opiniones,"Italiana, Mediterránea€€ - €€€Carta",,
107. Ichibanya,29 opiniones,"Japonesa, Sushi€€ - €€€",,
108. Nacho Bravo,157 opinionesAbierto ahora,"Mexicana, Latina€Carta",,
109. Impasta,66 opinionesAbierto ahora,"Italiana, Mediterránea€€ - €€€Carta",,
MICHELIN,110. Hotaru Madrid,196 opinionesAbierto ahora,"Japonesa, Sushi€€€€Carta",
111. DokiDOki,908 opinionesAbierto ahora,"Japonesa, Sushi€€ - €€€Carta",,
112. Ponja Nikkei,89 opinionesAbierto ahora,"Japonesa, Peruana€€€€Carta",,
113. nonsolocaffé,192 opinionesAbierto ahora,"Italiana, Mediterránea€€ - €€€Carta",,
114. Wok Passion,43 opiniones,"China, Japonesa€",,
115. Art & Sushi,288 opinionesAbierto ahora,"Internacional, Sushi€€ - €€€",,
MICHELIN,116. 99 Sushi Bar - Padre Damian,527 opinionesAbierto ahora,"Japonesa, Sushi€€€€",
117. That's Amore,55 opinionesAbierto ahora,"Italiana, Pizza€€ - €€€",,
118. Bowlers Kitchen,49 opinionesCerrado ahora,"India, Internacional€€ - €€€Carta",,
119. Lamonarracha-Chamberí,91 opinionesAbierto ahora,"Japonesa, Sushi€€ - €€€Carta",,
120. Vecchia Milano,133 opinionesAbierto ahora,"Italiana, Mediterránea€€ - €€€Carta",,
Descubrir,Viajes,Comunidad,EUR,Iniciar sesión
91. Il Pastaio,317 opinionesAbierto ahora,"Italiana, Mediterránea€€ - €€€Carta",,
92. MASSART - Goya,215 opinionesAbierto ahora,"Italiana, Pizza€€ - €€€Carta",,
93. Everest Tandoori Nepali-Indian Restaurant,978 opinionesAbierto ahora,"India, Asiática€€ - €€€Carta",,
MICHELIN,94. Miyama,836 opinionesAbierto ahora,"Japonesa, Sushi€€€€Carta",
95. Don Giovanni,1005 opinionesAbierto ahora,"Italiana, Mediterránea€€ - €€€Carta",,
96. Curry Masala,722 opinionesAbierto ahora,"India, Asiática€€ - €€€Carta",,
97. Oven Mozzarella Gran Vía 6,5248 opinionesAbierto ahora,"Italiana, Pizza€€ - €€€Carta",,
98. Naomi,763 opinionesCerrado ahora,"Japonesa, Sushi€€ - €€€Carta",,
99. Luna Rossa Ristorante Pizzeria,429 opinionesAbierto ahora,"Italiana, Mediterránea€€ - €€€",,
100. Pizzeria Vesuvio -Hortaleza,796 opinionesAbierto ahora,"Italiana, Pizza€Carta",,
101. Bresca,789 opinionesAbierto ahora,"Italiana, Pub con cerveza artesanal€Carta",,
102. Mitiko,94 opinionesAbierto ahora,"China, Japonesa€€€€Carta",,
103. Alta Cocina Oriental Jinode,168 opinionesAbierto ahora,"China, Japonesa€€ - €€€Carta",,
104. Araldo Arte del Gusto,211 opinionesAbierto ahora,"Italiana, Pizza€€ - €€€Carta",,
105. La Pizzateca,1145 opinionesCerrado ahora,"Italiana, Pizza€",,
106. Casa Crimi,32 opiniones,"Italiana, Mediterránea€€ - €€€Carta",,
107. Ichibanya,29 opiniones,"Japonesa, Sushi€€ - €€€",,
108. Nacho Bravo,157 opinionesAbierto ahora,"Mexicana, Latina€Carta",,
109. Impasta,66 opinionesAbierto ahora,"Italiana, Mediterránea€€ - €€€Carta",,
MICHELIN,110. Hotaru Madrid,196 opinionesAbierto ahora,"Japonesa, Sushi€€€€Carta",
111. DokiDOki,908 opinionesAbierto ahora,"Japonesa, Sushi€€ - €€€Carta",,
112. Ponja Nikkei,89 opinionesAbierto ahora,"Japonesa, Peruana€€€€Carta",,
113. nonsolocaffé,192 opinionesAbierto ahora,"Italiana, Mediterránea€€ - €€€Carta",,
114. Wok Passion,43 opiniones,"China, Japonesa€",,
115. Art & Sushi,288 opinionesAbierto ahora,"Internacional, Sushi€€ - €€€",,
MICHELIN,116. 99 Sushi Bar - Padre Damian,527 opinionesAbierto ahora,"Japonesa, Sushi€€€€",
117. That's Amore,55 opinionesAbierto ahora,"Italiana, Pizza€€ - €€€",,
118. Bowlers Kitchen,49 opinionesCerrado ahora,"India, Internacional€€ - €€€Carta",,
119. Lamonarracha-Chamberí,91 opinionesAbierto ahora,"Japonesa, Sushi€€ - €€€Carta",,
120. Vecchia Milano,133 opinionesAbierto ahora,"Italiana, Mediterránea€€ - €€€Carta",,
